Link,ScreenShot
https://www.bournemouthecho.co.uk/,output\bob8\scraped_ads\ad_318\ad_318.webp
https://www.bournemouthecho.co.uk/,output\bob8\scraped_ads\ad_317\ad_317.webp
https://www.bournemouthecho.co.uk/,output\bob8\scraped_ads\ad_314\ad_314.webp
https://www.bournemouthecho.co.uk/,output\bob8\scraped_ads\ad_315\ad_315.webp
https://www.bournemouthecho.co.uk/,output\bob8\scraped_ads\ad_319\ad_319.webp
https://www.bournemouthecho.co.uk/,output\bob8\scraped_ads\ad_316\ad_316.webp
https://www.dailymail.co.uk/home/index.html,output\bob8\scraped_ads\ad_331\ad_331.webp
https://www.dailymail.co.uk/home/index.html,output\bob8\scraped_ads\ad_336\ad_336.webp
https://www.bournemouthecho.co.uk/,output\bob8\scraped_ads\ad_315\ad_315.webp
https://www.dailymail.co.uk/home/index.html,output\bob8\scraped_ads\ad_338\ad_338.webp
https://www.dailymail.co.uk/home/index.html,output\bob8\scraped_ads\ad_340\ad_340.webp
https://www.bournemouthecho.co.uk/,output\bob8\scraped_ads\ad_318\ad_318.webp
https://www.dailymail.co.uk/home/index.html,output\bob8\scraped_ads\ad_337\ad_337.webp
https://www.bournemouthecho.co.uk/,output\bob8\scraped_ads\ad_319\ad_319.webp
https://www.dailymail.co.uk/home/index.html,output\bob8\scraped_ads\ad_322\ad_322.webp
https://www.bournemouthecho.co.uk/,output\bob8\scraped_ads\ad_316\ad_316.webp
https://www.dailymail.co.uk/home/index.html,output\bob8\scraped_ads\ad_332\ad_332.webp
https://www.dailymail.co.uk/home/index.html,output\bob8\scraped_ads\ad_343\ad_343.webp
https://www.dailymail.co.uk/home/index.html,output\bob8\scraped_ads\ad_339\ad_339.webp
https://www.dailymail.co.uk/home/index.html,output\bob8\scraped_ads\ad_320\ad_320.webp
https://www.dailymail.co.uk/home/index.html,output\bob8\scraped_ads\ad_328\ad_328.webp
https://www.dailymail.co.uk/home/index.html,output\bob8\scraped_ads\ad_334\ad_334.webp
https://www.dailymail.co.uk/home/index.html,output\bob8\scraped_ads\ad_327\ad_327.webp
https://www.dailymail.co.uk/home/index.html,output\bob8\scraped_ads\ad_325\ad_325.webp
https://www.dailymail.co.uk/home/index.html,output\bob8\scraped_ads\ad_344\ad_344.webp
https://www.dailymail.co.uk/home/index.html,output\bob8\scraped_ads\ad_341\ad_341.webp
https://www.dailymail.co.uk/home/index.html,output\bob8\scraped_ads\ad_333\ad_333.webp
https://www.bournemouthecho.co.uk/,output\bob8\scraped_ads\ad_317\ad_317.webp
https://www.dailymail.co.uk/home/index.html,output\bob8\scraped_ads\ad_323\ad_323.webp
https://www.dailymail.co.uk/home/index.html,output\bob8\scraped_ads\ad_335\ad_335.webp
https://www.dailymail.co.uk/home/index.html,output\bob8\scraped_ads\ad_326\ad_326.webp
https://www.dailymail.co.uk/home/index.html,output\bob8\scraped_ads\ad_342\ad_342.webp
https://www.bournemouthecho.co.uk/,output\bob8\scraped_ads\ad_314\ad_314.webp



https://www.dailymail.co.uk/home/index.html,output\google7\scraped_ads\ad_348\ad_348.webp
https://www.dailymail.co.uk/home/index.html,output\google7\scraped_ads\ad_364\ad_364.webp
https://www.dailymail.co.uk/home/index.html,output\google7\scraped_ads\ad_352\ad_352.webp
https://www.dailymail.co.uk/home/index.html,output\google7\scraped_ads\ad_363\ad_363.webp
https://www.dailymail.co.uk/home/index.html,output\google7\scraped_ads\ad_354\ad_354.webp
https://www.dailymail.co.uk/home/index.html,output\google7\scraped_ads\ad_345\ad_345.webp
https://www.dailymail.co.uk/home/index.html,output\google7\scraped_ads\ad_347\ad_347.webp
https://www.dailymail.co.uk/home/index.html,output\google7\scraped_ads\ad_368\ad_368.webp
https://www.dailymail.co.uk/home/index.html,output\google7\scraped_ads\ad_357\ad_357.webp
https://www.dailymail.co.uk/home/index.html,output\google7\scraped_ads\ad_365\ad_365.webp
https://www.dailymail.co.uk/home/index.html,output\google7\scraped_ads\ad_366\ad_366.webp
https://www.dailymail.co.uk/home/index.html,output\google7\scraped_ads\ad_359\ad_359.webp
https://www.dailymail.co.uk/home/index.html,output\google7\scraped_ads\ad_360\ad_360.webp
https://www.dailymail.co.uk/home/index.html,output\google7\scraped_ads\ad_362\ad_362.webp
https://www.dailymail.co.uk/home/index.html,output\google7\scraped_ads\ad_367\ad_367.webp
https://www.dailymail.co.uk/home/index.html,output\google7\scraped_ads\ad_353\ad_353.webp
https://www.dailymail.co.uk/home/index.html,output\google7\scraped_ads\ad_370\ad_370.webp
https://www.dailymail.co.uk/home/index.html,output\google7\scraped_ads\ad_369\ad_369.webp
https://www.dailymail.co.uk/home/index.html,output\google7\scraped_ads\ad_361\ad_361.webp
https://www.dailymail.co.uk/home/index.html,output\google7\scraped_ads\ad_358\ad_358.webp
https://www.dailymail.co.uk/home/index.html,output\dailymail\scraped_ads\ad_386\ad_386.webp
https://www.dailymail.co.uk/home/index.html,output\dailymail\scraped_ads\ad_374\ad_374.webp
https://www.dailymail.co.uk/home/index.html,output\dailymail\scraped_ads\ad_383\ad_383.webp
https://www.dailymail.co.uk/home/index.html,output\dailymail\scraped_ads\ad_394\ad_394.webp
https://www.dailymail.co.uk/home/index.html,output\dailymail\scraped_ads\ad_392\ad_392.webp
https://www.dailymail.co.uk/home/index.html,output\dailymail\scraped_ads\ad_378\ad_378.webp
https://www.dailymail.co.uk/home/index.html,output\dailymail\scraped_ads\ad_380\ad_380.webp
https://www.dailymail.co.uk/home/index.html,output\dailymail\scraped_ads\ad_375\ad_375.webp
https://www.dailymail.co.uk/home/index.html,output\dailymail\scraped_ads\ad_395\ad_395.webp
https://www.dailymail.co.uk/home/index.html,output\dailymail\scraped_ads\ad_384\ad_384.webp
https://www.dailymail.co.uk/home/index.html,output\dailymail\scraped_ads\ad_388\ad_388.webp
https://www.dailymail.co.uk/home/index.html,output\dailymail\scraped_ads\ad_387\ad_387.webp
https://www.dailymail.co.uk/home/index.html,output\dailymail\scraped_ads\ad_385\ad_385.webp
https://www.dailymail.co.uk/home/index.html,output\dailymail\scraped_ads\ad_379\ad_379.webp
https://www.dailymail.co.uk/home/index.html,output\dailymail\scraped_ads\ad_390\ad_390.webp
https://www.dailymail.co.uk/home/index.html,output\dailymail\scraped_ads\ad_396\ad_396.webp
https://www.dailymail.co.uk/home/index.html,output\dailymail\scraped_ads\ad_373\ad_373.webp
https://www.dailymail.co.uk/home/index.html,output\dailymail\scraped_ads\ad_389\ad_389.webp
https://www.dailymail.co.uk/home/index.html,output\dailymail\scraped_ads\ad_391\ad_391.webp
https://www.dailymail.co.uk/home/index.html,output\dailymail\scraped_ads\ad_393\ad_393.webp
https://www.dailymail.co.uk/home/index.html,output\dailymail\scraped_ads\ad_371\ad_371.webp
https://www.dailymail.co.uk/home/index.html,output\google7\scraped_ads\ad_420\ad_420.webp
https://www.dailymail.co.uk/home/index.html,output\google7\scraped_ads\ad_413\ad_413.webp
https://www.dailymail.co.uk/home/index.html,output\google7\scraped_ads\ad_397\ad_397.webp
https://www.dailymail.co.uk/home/index.html,output\google7\scraped_ads\ad_419\ad_419.webp
https://www.dailymail.co.uk/home/index.html,output\google7\scraped_ads\ad_418\ad_418.webp
https://www.dailymail.co.uk/home/index.html,output\google7\scraped_ads\ad_405\ad_405.webp
https://www.dailymail.co.uk/home/index.html,output\google7\scraped_ads\ad_411\ad_411.webp
https://www.dailymail.co.uk/home/index.html,output\google7\scraped_ads\ad_410\ad_410.webp
https://www.dailymail.co.uk/home/index.html,output\google7\scraped_ads\ad_412\ad_412.webp
https://www.dailymail.co.uk/home/index.html,output\google7\scraped_ads\ad_415\ad_415.webp
https://www.dailymail.co.uk/home/index.html,output\google7\scraped_ads\ad_408\ad_408.webp
https://www.dailymail.co.uk/home/index.html,output\google7\scraped_ads\ad_414\ad_414.webp
https://www.dailymail.co.uk/home/index.html,output\google7\scraped_ads\ad_417\ad_417.webp
https://www.dailymail.co.uk/home/index.html,output\google7\scraped_ads\ad_404\ad_404.webp
https://www.dailymail.co.uk/home/index.html,output\google7\scraped_ads\ad_403\ad_403.webp
https://www.dailymail.co.uk/home/index.html,output\google7\scraped_ads\ad_416\ad_416.webp
https://www.dailymail.co.uk/home/index.html,output\google7\scraped_ads\ad_421\ad_421.webp
https://www.dailymail.co.uk/home/index.html,output\google7\scraped_ads\ad_409\ad_409.webp
https://www.dailymail.co.uk/home/index.html,output\google7\scraped_ads\ad_399\ad_399.webp

https://www.dailymail.co.uk/home/index.html,output\google\scraped_ads\ad_446\ad_446.webp
https://www.dailymail.co.uk/home/index.html,output\google\scraped_ads\ad_444\ad_444.webp
https://www.dailymail.co.uk/home/index.html,output\google\scraped_ads\ad_429\ad_429.webp
https://www.dailymail.co.uk/home/index.html,output\google\scraped_ads\ad_425\ad_425.webp
https://www.dailymail.co.uk/home/index.html,output\google\scraped_ads\ad_440\ad_440.webp
https://www.dailymail.co.uk/home/index.html,output\google\scraped_ads\ad_436\ad_436.webp
https://www.dailymail.co.uk/home/index.html,output\google\scraped_ads\ad_438\ad_438.webp
https://www.dailymail.co.uk/home/index.html,output\google\scraped_ads\ad_443\ad_443.webp
https://www.dailymail.co.uk/home/index.html,output\google\scraped_ads\ad_431\ad_431.webp
https://www.dailymail.co.uk/home/index.html,output\google\scraped_ads\ad_442\ad_442.webp
https://www.dailymail.co.uk/home/index.html,output\google\scraped_ads\ad_437\ad_437.webp
https://www.dailymail.co.uk/home/index.html,output\google\scraped_ads\ad_424\ad_424.webp
https://www.dailymail.co.uk/home/index.html,output\google\scraped_ads\ad_435\ad_435.webp
https://www.dailymail.co.uk/home/index.html,output\google\scraped_ads\ad_441\ad_441.webp
https://www.dailymail.co.uk/home/index.html,output\google\scraped_ads\ad_434\ad_434.webp
https://www.dailymail.co.uk/home/index.html,output\google\scraped_ads\ad_445\ad_445.webp
https://www.dailymail.co.uk/home/index.html,output\google\scraped_ads\ad_447\ad_447.webp
https://www.dailymail.co.uk/home/index.html,output\google\scraped_ads\ad_430\ad_430.webp
https://www.dailymail.co.uk/home/index.html,output\google\scraped_ads\ad_439\ad_439.webp
https://www.dailymail.co.uk/home/index.html,output\google\scraped_ads\ad_422\ad_422.webp
https://www.dailymail.co.uk/home/index.html,output\google\scraped_ads\ad_472\ad_472.webp
https://www.dailymail.co.uk/home/index.html,output\google\scraped_ads\ad_463\ad_463.webp
https://www.dailymail.co.uk/home/index.html,output\google\scraped_ads\ad_454\ad_454.webp
https://www.dailymail.co.uk/home/index.html,output\google\scraped_ads\ad_468\ad_468.webp
https://www.dailymail.co.uk/home/index.html,output\google\scraped_ads\ad_465\ad_465.webp
https://www.dailymail.co.uk/home/index.html,output\google\scraped_ads\ad_450\ad_450.webp
https://www.dailymail.co.uk/home/index.html,output\google\scraped_ads\ad_462\ad_462.webp
https://www.dailymail.co.uk/home/index.html,output\google\scraped_ads\ad_456\ad_456.webp
https://www.dailymail.co.uk/home/index.html,output\google\scraped_ads\ad_470\ad_470.webp
https://www.dailymail.co.uk/home/index.html,output\google\scraped_ads\ad_464\ad_464.webp
https://www.dailymail.co.uk/home/index.html,output\google\scraped_ads\ad_467\ad_467.webp
https://www.dailymail.co.uk/home/index.html,output\google\scraped_ads\ad_471\ad_471.webp
https://www.dailymail.co.uk/home/index.html,output\google\scraped_ads\ad_460\ad_460.webp
https://www.dailymail.co.uk/home/index.html,output\google\scraped_ads\ad_469\ad_469.webp
https://www.dailymail.co.uk/home/index.html,output\google\scraped_ads\ad_448\ad_448.webp
https://www.dailymail.co.uk/home/index.html,output\google\scraped_ads\ad_455\ad_455.webp
https://www.dailymail.co.uk/home/index.html,output\google\scraped_ads\ad_459\ad_459.webp
https://www.dailymail.co.uk/home/index.html,output\google\scraped_ads\ad_461\ad_461.webp
https://www.dailymail.co.uk/home/index.html,output\google\scraped_ads\ad_466\ad_466.webp
https://www.dailymail.co.uk/home/index.html,output\google\scraped_ads\ad_496\ad_496.webp
https://www.dailymail.co.uk/home/index.html,output\google\scraped_ads\ad_494\ad_494.webp
https://www.dailymail.co.uk/home/index.html,output\google\scraped_ads\ad_490\ad_490.webp
https://www.dailymail.co.uk/home/index.html,output\google\scraped_ads\ad_492\ad_492.webp
https://www.dailymail.co.uk/home/index.html,output\google\scraped_ads\ad_486\ad_486.webp
https://www.dailymail.co.uk/home/index.html,output\google\scraped_ads\ad_488\ad_488.webp
https://www.dailymail.co.uk/home/index.html,output\google\scraped_ads\ad_480\ad_480.webp
https://www.dailymail.co.uk/home/index.html,output\google\scraped_ads\ad_481\ad_481.webp
https://www.dailymail.co.uk/home/index.html,output\google\scraped_ads\ad_487\ad_487.webp
https://www.dailymail.co.uk/home/index.html,output\google\scraped_ads\ad_498\ad_498.webp
https://www.dailymail.co.uk/home/index.html,output\google\scraped_ads\ad_476\ad_476.webp
https://www.dailymail.co.uk/home/index.html,output\google\scraped_ads\ad_495\ad_495.webp
https://www.dailymail.co.uk/home/index.html,output\google\scraped_ads\ad_473\ad_473.webp
https://www.dailymail.co.uk/home/index.html,output\google\scraped_ads\ad_491\ad_491.webp
https://www.dailymail.co.uk/home/index.html,output\google\scraped_ads\ad_489\ad_489.webp
https://www.dailymail.co.uk/home/index.html,output\google\scraped_ads\ad_493\ad_493.webp
https://www.dailymail.co.uk/home/index.html,output\google\scraped_ads\ad_497\ad_497.webp
https://www.dailymail.co.uk/home/index.html,output\google\scraped_ads\ad_485\ad_485.webp
https://www.dailymail.co.uk/home/index.html,output\google\scraped_ads\ad_482\ad_482.webp
https://www.dailymail.co.uk/home/index.html,output\google\scraped_ads\ad_475\ad_475.webp
https://www.dailymail.co.uk/home/index.html,output\google\scraped_ads\ad_506\ad_506.webp
https://www.dailymail.co.uk/home/index.html,output\google\scraped_ads\ad_518\ad_518.webp
https://www.dailymail.co.uk/home/index.html,output\google\scraped_ads\ad_519\ad_519.webp
https://www.dailymail.co.uk/home/index.html,output\google\scraped_ads\ad_516\ad_516.webp
https://www.dailymail.co.uk/home/index.html,output\google\scraped_ads\ad_522\ad_522.webp
https://www.dailymail.co.uk/home/index.html,output\google\scraped_ads\ad_517\ad_517.webp
https://www.dailymail.co.uk/home/index.html,output\google\scraped_ads\ad_507\ad_507.webp
https://www.dailymail.co.uk/home/index.html,output\google\scraped_ads\ad_513\ad_513.webp
https://www.dailymail.co.uk/home/index.html,output\google\scraped_ads\ad_512\ad_512.webp
https://www.dailymail.co.uk/home/index.html,output\google\scraped_ads\ad_511\ad_511.webp
https://www.dailymail.co.uk/home/index.html,output\google\scraped_ads\ad_505\ad_505.webp
https://www.dailymail.co.uk/home/index.html,output\google\scraped_ads\ad_515\ad_515.webp
https://www.dailymail.co.uk/home/index.html,output\google\scraped_ads\ad_514\ad_514.webp
https://www.dailymail.co.uk/home/index.html,output\google\scraped_ads\ad_510\ad_510.webp
https://www.dailymail.co.uk/home/index.html,output\google\scraped_ads\ad_499\ad_499.webp
https://www.dailymail.co.uk/home/index.html,output\google\scraped_ads\ad_520\ad_520.webp
https://www.dailymail.co.uk/home/index.html,output\google\scraped_ads\ad_523\ad_523.webp
https://www.dailymail.co.uk/home/index.html,output\google\scraped_ads\ad_521\ad_521.webp
https://www.dailymail.co.uk/home/index.html,output\google\scraped_ads\ad_501\ad_501.webp








